file_name,animal_action,source_page_url,author_or_uploader,license,download_date,notes
meow_gentle_01,cat_gentle,,,,,
meow_gentle_02,cat_gentle,,,,,
meow_gentle_03,cat_gentle,,,,,
meow_curious_01,cat_curious,,,,,
meow_curious_02,cat_curious,,,,,
meow_alert_01,cat_alert,,,,,
meow_alert_02,cat_alert,,,,,
meow_purr_01,cat_purr,,,,,
meow_purr_02,cat_purr,,,,,
meow_whine_01,cat_whine,,,,,
meow_whine_02,cat_whine,,,,,
meow_pounce_01,cat_pounce,,,,,
meow_stretch_01,cat_stretch,,,,,
meow_yawn_01,cat_yawn,,,,,
fox_gentle_01,fox_gentle,,,,,
fox_gentle_02,fox_gentle,,,,,
fox_curious_01,fox_curious,,,,,
fox_curious_02,fox_curious,,,,,
fox_alert_01,fox_alert,,,,,
fox_alert_02,fox_alert,,,,,
wolf_gentle_01,wolf_gentle,,,,,
wolf_gentle_02,wolf_gentle,,,,,
wolf_curious_01,wolf_curious,,,,,
wolf_curious_02,wolf_curious,,,,,
wolf_alert_01,wolf_alert,,,,,
wolf_alert_02,wolf_alert,,,,,
