序号,模块,量产方案,5000台目标价_元,采购红线_元,状态与依据
1,显示,1.54英寸240x240 IPS裸屏_ST7789_SPI_含FPC座与背光外围,14.0,18.0,"供应商公开阶梯价约USD1.50起；落地价需RFQ"
2,主控无线,ESP32-C3-MINI-1模组_4MB,9.5,12.0,"原厂模组；价格需国内授权渠道RFQ"
3,姿态检测,LIS2DH12TR三轴加速度计,3.8,5.0,"公开整盘价约USD0.53；只做朝上面判断无需六轴"
4,主板,45x45mm双层PCB_SMT_晶振阻容_ESD_连接器,9.5,13.0,"合并原开发板和传感器板；需Gerber后询价"
5,电源与接口,USB-C_充电IC_保护_3V3稳压_电量采样,3.5,5.0,"5V输入；不含充电线"
6,电池,1000mAh带保护软包电芯,10.5,13.0,"尺寸暂按约50x30x6mm占位；最终以电芯规格书为准"
7,音频,20x30mm_8欧1W扬声器_PWM功放与声腔辅料,3.5,5.0,"提示音与宠物短音效；非Hi-Fi"
8,结构件,两片ABS注塑壳_PC黑色视窗_装饰圈_硅胶脚,7.5,10.0,"不含模具费；5000台目标"
9,紧固与辅料,M2螺钉_泡棉_双面胶_绝缘片,1.5,2.5,"电池需阻燃绝缘和缓冲"
10,组装测试,总装_烧录_功能测试_老化抽检,5.0,7.0,"需专用FCT夹具"
11,零售包装,纸盒_纸托_说明书_标签,4.0,6.0,"不附USB-C线以控成本和电子废弃物"
12,制造损耗准备,来料损耗_返修与基础质保准备,3.0,5.0,"按成熟量产估算"
,合计,5000台变量制造成本目标,75.3,101.5,"目标采购价可控在75至92；红线合计说明RFQ失败时会破百"
