编号,部件,建议型号/规格,已核实尺寸,原型单价USD,国内采购估算CNY,数量,装配要点,验证状态
1,前镜片,黑色烟熏亚克力 64x64x1.5mm,64x64x1.5mm,,10-25,1,只固定边缘并加0.5mm泡棉圈,设计值需打样
2,前框和主壳,PC-ABS/PETG 3D打印 外部82mm立方体 壁厚2.4mm,82x82x82mm,,60-140,1,前框卡扣后盖M2螺钉,设计值需CAD验证
3,显示屏,Waveshare 2.4inch LCD Module ILI9341 SPI,70.5x43.3mm,11.99,85-110,1,屏玻璃不受力排线保留弯曲半径,厂商规格已核实
4,内部承载架,PETG/PC-ABS 74x74x3mm,74x74x3mm,,15-35,1,分隔电池和PCB并提供IMU刚性安装面,设计值需打样
5,六轴IMU,Adafruit LSM6DSOX breakout,25.6x17.8x4.6mm,11.95,85-110,1,几何中心刚性固定使用I2C,厂商规格已核实
6,主控,Adafruit ESP32-S3 Feather 4MB Flash 2MB PSRAM,52.3x22.7x7.2mm,17.50,125-160,1,USB-C对准后盖天线前方留10mm净空,厂商规格已核实
7,电池,Adafruit protected Li-ion 3.7V 2000mAh JST-PH,60x36x7mm,12.50,90-120,1,独立软垫仓不得挤压穿刺或热胶包裹,厂商规格已核实
8,I2S功放,Adafruit MAX98357A mono breakout,19.4x17.8x3.0mm,5.95,45-65,1,OUT正负都不得接地固件限制增益,厂商规格已核实
9,扬声器,28mm 8ohm 0.5W薄型喇叭等效Adafruit PID1890,直径28mm高4.5mm,1.95,5-15,1,后盖声孔加泡棉密封并限制功率,参考型号已核实但当前缺货
10,紧固和线束,M2x8螺钉热熔铜柱硅胶线Qwiic线,,,20-40,1套,线束加应力释放且不可跨压电池,采购后复核
11,电源开关,SPDT滑动开关接EN与GND,,,3-10,1,关机后仍允许USB充电,电气方案需样机验证
12,防滑与缓冲,四面透明TPU角垫/薄硅胶垫,,,8-20,1套,不得遮挡时间字样或声孔,设计值需打样
